{
  "results": {
    "R1": {
      "p50": 2.207299999999975,
      "p95": 2.8880000000000337,
      "p99": 3.443499999999972,
      "n": 200
    },
    "R2": {
      "p50": 1.8515999999999622,
      "p95": 2.555500000000052,
      "p99": 3.4412000000000944,
      "n": 200
    },
    "R3": {
      "p50": 2.1504999999999654,
      "p95": 3.4909999999999854,
      "p99": 4.0172999999999774,
      "n": 200
    },
    "R4": {
      "p50": 1.3903999999999996,
      "p95": 1.7261000000000877,
      "p99": 2.326899999999796,
      "n": 200
    },
    "R6": {
      "p50": 1.8223000000002685,
      "p95": 2.7217000000000553,
      "p99": 3.6761999999998807,
      "n": 200
    }
  },
  "r5TotalMs": 310.18550000000005,
  "r5Count": 168,
  "explains": {
    "R1": "Hash Left Join  (cost=33.74..63.11 rows=200 width=25) (actual time=0.181..0.277 rows=200 loops=1)\n  Hash Cond: (mi.id = aw.menu_item_id)\n  Buffers: shared hit=18\n  CTE candidates\n    ->  Bitmap Heap Scan on menu_item_overrides o  (cost=13.79..28.99 rows=24 width=175) (actual time=0.009..0.013 rows=24 loops=1)\n          Recheck Cond: ((store_id IS NULL) OR (store_id = '098225ba-f0f0-4857-b84e-d558040d1292'::uuid))\n          Filter: (((channel_code IS NULL) OR (channel_code = 'dinein'::text)) AND ((daypart_id IS NULL) OR (hashed SubPlan 1)) AND ((promo_id IS NULL) OR (hashed SubPlan 2)) AND (status = 'published'::text) AND (now() >= effective_from) AND ((effective_to IS NULL) OR (now() < effective_to)))\n          Heap Blocks: exact=1\n          Buffers: shared hit=3\n          ->  BitmapOr  (cost=8.50..8.50 rows=24 width=0) (actual time=0.004..0.005 rows=0 loops=1)\n                Buffers: shared hit=2\n                ->  Bitmap Index Scan on menu_item_overrides_store_channel_idx  (cost=0.00..4.16 rows=1 width=0) (actual time=0.002..0.003 rows=0 loops=1)\n                      Index Cond: (store_id IS NULL)\n                      Buffers: shared hit=1\n                ->  Bitmap Index Scan on menu_item_overrides_store_channel_idx  (cost=0.00..4.33 rows=24 width=0) (actual time=0.001..0.002 rows=24 loops=1)\n                      Index Cond: (store_id = '098225ba-f0f0-4857-b84e-d558040d1292'::uuid)\n                      Buffers: shared hit=1\n          SubPlan 1\n            ->  Nested Loop  (cost=0.00..2.58 rows=1 width=16) (never executed)\n                  Join Filter: (d.brand_id = s_1.brand_id)\n                  ->  Seq Scan on stores s_1  (cost=0.00..1.35 rows=1 width=16) (never executed)\n                        Filter: (id = '098225ba-f0f0-4857-b84e-d558040d1292'::uuid)\n                  ->  Seq Scan on dayparts d  (cost=0.00..1.21 rows=2 width=32) (never executed)\n                        Filter: ((((now() AT TIME ZONE 'Asia/Kolkata'::text))::time without time zone >= start_time) AND (((now() AT TIME ZONE 'Asia/Kolkata'::text))::time without time zone <= end_time) AND ((EXTRACT(dow FROM (now() AT TIME ZONE 'Asia/Kolkata'::text)))::integer = ANY (days_of_week)))\n          SubPlan 2\n            ->  Nested Loop  (cost=0.00..2.70 rows=3 width=16) (never executed)\n                  Join Filter: (pr.brand_id = s_2.brand_id)\n                  ->  Seq Scan on stores s_2  (cost=0.00..1.35 rows=1 width=16) (never executed)\n                        Filter: (id = '098225ba-f0f0-4857-b84e-d558040d1292'::uuid)\n                  ->  Seq Scan on promos pr  (cost=0.00..1.23 rows=10 width=32) (never executed)\n                        Filter: ((status = 'active'::text) AND (starts_at <= now()) AND ((ends_at IS NULL) OR (ends_at > now())))\n  ->  Hash Left Join  (cost=3.05..31.90 rows=200 width=32) (actual time=0.170..0.242 rows=200 loops=1)\n        Hash Cond: (mi.id = pw.menu_item_id)\n        Buffers: shared hit=18\n        ->  Hash Join  (cost=1.36..29.69 rows=200 width=24) (actual time=0.121..0.173 rows=200 loops=1)\n              Hash Cond: (mi.brand_id = s.brand_id)\n              Buffers: shared hit=15\n              ->  Seq Scan on menu_items mi  (cost=0.00..24.00 rows=800 width=40) (actual time=0.004..0.103 rows=800 loops=1)\n                    Filter: (status = 'published'::text)\n                    Buffers: shared hit=14\n              ->  Hash  (cost=1.35..1.35 rows=1 width=16) (actual time=0.009..0.009 rows=1 loops=1)\n                    Buckets: 1024  Batches: 1  Memory Usage: 9kB\n                    Buffers: shared hit=1\n                    ->  Seq Scan on stores s  (cost=0.00..1.35 rows=1 width=16) (actual time=0.003..0.003 rows=1 loops=1)\n                          Filter: (id = '098225ba-f0f0-4857-b84e-d558040d1292'::uuid)\n                          Rows Removed by Filter: 27\n                          Buffers: shared hit=1\n        ->  Hash  (cost=1.39..1.39 rows=24 width=24) (actual time=0.045..0.045 rows=24 loops=1)\n              Buckets: 1024  Batches: 1  Memory Usage: 10kB\n              Buffers: shared hit=3\n              ->  Subquery Scan on pw  (cost=1.03..1.39 rows=24 width=24) (actual time=0.029..0.034 rows=24 loops=1)\n                    Buffers: shared hit=3\n                    ->  Unique  (cost=1.03..1.15 rows=24 width=36) (actual time=0.028..0.032 rows=24 loops=1)\n                          Buffers: shared hit=3\n                          ->  Sort  (cost=1.03..1.09 rows=24 width=36) (actual time=0.028..0.029 rows=24 loops=1)\n                                Sort Key: candidates.menu_item_id, candidates.specificity DESC, candidates.published_at DESC NULLS LAST\n                                Sort Method: quicksort  Memory: 26kB\n                                Buffers: shared hit=3\n                                ->  CTE Scan on candidates  (cost=0.00..0.48 rows=24 width=36) (actual time=0.010..0.018 rows=24 loops=1)\n                                      Filter: (price_paise IS NOT NULL)\n                                      Buffers: shared hit=3\n  ->  Hash  (cost=1.39..1.39 rows=24 width=17) (actual time=0.005..0.006 rows=0 loops=1)\n        Buckets: 1024  Batches: 1  Memory Usage: 8kB\n        ->  Subquery Scan on aw  (cost=1.03..1.39 rows=24 width=17) (actual time=0.005..0.006 rows=0 loops=1)\n              ->  Unique  (cost=1.03..1.15 rows=24 width=29) (actual time=0.005..0.005 rows=0 loops=1)\n                    ->  Sort  (cost=1.03..1.09 rows=24 width=29) (actual time=0.005..0.005 rows=0 loops=1)\n                          Sort Key: candidates_1.menu_item_id, candidates_1.specificity DESC, candidates_1.published_at DESC NULLS LAST\n                          Sort Method: quicksort  Memory: 25kB\n                          ->  CTE Scan on candidates candidates_1  (cost=0.00..0.48 rows=24 width=29) (actual time=0.002..0.002 rows=0 loops=1)\n                                Filter: (is_available IS NOT NULL)\n                                Rows Removed by Filter: 24\nPlanning:\n  Buffers: shared hit=4\nPlanning Time: 0.613 ms\nExecution Time: 0.332 ms",